,group,airplane,automobile,bird,cat,deer,dog,frog,horse,ship,truck
bus,near,3,14,0,0,0,0,0,0,1,65
pickup_truck,near,1,59,0,0,0,0,0,0,0,31
motorcycle,near,5,22,0,2,0,1,1,1,0,9
tractor,near,1,3,0,0,0,0,0,0,3,45
wolf,near,0,0,1,39,3,33,0,1,0,0
fox,near,1,0,1,31,24,9,2,2,0,0
leopard,near,0,0,1,25,7,4,33,0,0,0
camel,near,3,0,9,4,15,20,0,13,0,1
bottle,far,2,1,4,18,0,1,2,0,10,6
bowl,far,1,3,3,15,0,3,8,0,6,1
chair,far,28,0,4,7,0,0,1,0,0,6
clock,far,2,9,3,10,0,0,1,0,4,6
keyboard,far,6,1,3,7,0,0,1,1,2,11
mushroom,far,3,0,21,9,2,5,12,1,0,0
sunflower,far,1,0,27,4,1,4,6,0,0,1
wardrobe,far,1,0,0,33,0,1,0,0,0,35
