method,comparison,auroc_mean,lo,hi
Vanilla (MLS),near,0.80882500775,0.79219210625,0.82496418125
Vanilla (MLS),far,0.895276922625,0.8836371875,0.9067193890625
Vanilla (MLS),all,0.8520509651875001,0.8413032632812499,0.86233568359375
GCSC (MLS),near,0.8225442438749999,0.806358265625,0.838346309375
GCSC (MLS),far,0.905326039125,0.894245921875,0.9160231531249999
GCSC (MLS),all,0.8639351415000001,0.8540873828125001,0.873592853125
"PROSER (MLS, known logits)",near,0.8065710622500001,0.789819534375,0.82231446875
"PROSER (MLS, known logits)",far,0.887818001,0.876238171875,0.89938993125
"PROSER (MLS, known logits)",all,0.8471945316249999,0.8365357234375,0.85761467265625
PROSER (placeholder score),near,0.7894951756875,0.771251215625,0.8070677890625
PROSER (placeholder score),far,0.8796336737500001,0.86756089375,0.892007396875
PROSER (placeholder score),all,0.83456442471875,0.823661046875,0.846262340625
