group,unknown_class,n,accept_rate,reject_rate,mean_u,auroc_vs_known,top_pred_all,top_pred_all_share,top_pred_accepted,top_pred_accepted_share
far,wardrobe,100,0.74,0.26,-5.276091287136078,0.853272,truck,0.54,truck,0.5945945945945946
far,mushroom,100,0.6,0.4,-4.726691509187222,0.867831,bird,0.29,bird,0.3333333333333333
far,bottle,100,0.48,0.52,-4.411751259565353,0.902373,cat,0.34,cat,0.4166666666666667
far,bowl,100,0.47,0.53,-4.377692310810089,0.902553,cat,0.37,cat,0.425531914893617
far,chair,100,0.46,0.54,-4.478442994356155,0.891274,airplane,0.44,airplane,0.5652173913043478
far,sunflower,100,0.45,0.55,-4.557545245885849,0.891732,bird,0.48,bird,0.5777777777777777
far,clock,100,0.42,0.5800000000000001,-4.316982872486115,0.892819,cat,0.31,cat,0.38095238095238093
far,keyboard,100,0.39,0.61,-4.072421185970306,0.902524,truck,0.27,truck,0.3076923076923077
near,pickup_truck,100,0.84,0.16000000000000003,-6.162603557109833,0.74428,automobile,0.64,automobile,0.6428571428571429
near,wolf,100,0.8,0.19999999999999996,-5.894539417028427,0.758643,cat,0.45,cat,0.475
near,bus,100,0.79,0.20999999999999996,-6.3884893381595615,0.6686085,truck,0.78,truck,0.810126582278481
near,fox,100,0.76,0.24,-5.371388323307038,0.83329,cat,0.45,cat,0.4473684210526316
near,leopard,100,0.6,0.4,-5.1273611283302305,0.834671,cat,0.48,cat,0.5333333333333333
near,tractor,100,0.59,0.41000000000000003,-5.041990480422974,0.836376,truck,0.77,truck,0.864406779661017
near,camel,100,0.58,0.42000000000000004,-4.851788314580918,0.859083,dog,0.31,dog,0.3620689655172414
near,motorcycle,100,0.42,0.5800000000000001,-4.134338762760162,0.923547,automobile,0.38,automobile,0.40476190476190477
