group,selection,unknown_class,cifar100_index,predicted_class,second_class,score_u,threshold_tau,margin_tau_minus_u,max_logit,auto_flag,manual_note
near,most_confident,bus,4296,truck,automobile,-12.41490364074707,-5.736676430702207,6.678227210044863,12.41490364074707,plausible,
near,most_confident,bus,7133,truck,automobile,-11.843639373779297,-5.736676430702207,6.1069629430770895,11.843639373779297,plausible,
near,most_confident,camel,1572,deer,bird,-11.625699043273926,-5.736676430702207,5.889022612571718,11.625699043273926,plausible,
near,most_confident,pickup_truck,7658,automobile,truck,-11.297513961791992,-5.736676430702207,5.560837531089785,11.297513961791992,plausible,
near,most_confident,wolf,3538,dog,cat,-11.242427825927734,-5.736676430702207,5.505751395225527,11.242427825927734,plausible,
near,most_confident,camel,6418,deer,horse,-11.221685409545898,-5.736676430702207,5.485008978843691,11.221685409545898,plausible,
near,random,fox,3607,deer,dog,-7.55427885055542,-5.736676430702207,1.8176024198532126,7.55427885055542,surprising,
near,random,motorcycle,9833,automobile,airplane,-7.889101982116699,-5.736676430702207,2.152425551414492,7.889101982116699,plausible,
near,random,bus,5163,truck,ship,-8.507137298583984,-5.736676430702207,2.770460867881777,8.507137298583984,plausible,
near,random,pickup_truck,8947,truck,airplane,-6.104883670806885,-5.736676430702207,0.3682072401046774,6.104883670806885,plausible,
near,random,tractor,1864,truck,dog,-6.3046464920043945,-5.736676430702207,0.5679700613021872,6.3046464920043945,plausible,
near,random,leopard,5231,frog,deer,-6.4470720291137695,-5.736676430702207,0.7103955984115622,6.4470720291137695,surprising,
far,most_confident,sunflower,5260,bird,frog,-11.986475944519043,-5.736676430702207,6.249799513816836,11.986475944519043,surprising,
far,most_confident,keyboard,3586,cat,bird,-11.490153312683105,-5.736676430702207,5.753476881980898,11.490153312683105,surprising,
far,most_confident,bottle,3888,cat,dog,-11.142566680908203,-5.736676430702207,5.405890250205996,11.142566680908203,surprising,
far,most_confident,sunflower,4785,bird,frog,-11.105278968811035,-5.736676430702207,5.368602538108828,11.105278968811035,surprising,
far,most_confident,chair,2965,airplane,bird,-11.047680854797363,-5.736676430702207,5.311004424095156,11.047680854797363,surprising,
far,most_confident,chair,6245,airplane,truck,-11.030603408813477,-5.736676430702207,5.293926978111269,11.030603408813477,surprising,
far,random,mushroom,2005,airplane,deer,-6.892300128936768,-5.736676430702207,1.1556236982345602,6.892300128936768,surprising,
far,random,wardrobe,7171,cat,truck,-6.032960891723633,-5.736676430702207,0.29628446102142547,6.032960891723633,surprising,
far,random,keyboard,5740,truck,ship,-7.491353988647461,-5.736676430702207,1.7546775579452536,7.491353988647461,surprising,
far,random,bowl,2670,dog,deer,-7.559788227081299,-5.736676430702207,1.8231117963790915,7.559788227081299,surprising,
far,random,wardrobe,9149,truck,cat,-9.573821067810059,-5.736676430702207,3.8371446371078513,9.573821067810059,plausible,
far,random,chair,4159,frog,bird,-7.018672466278076,-5.736676430702207,1.2819960355758688,7.018672466278076,surprising,
