,group,vanilla_MLS_reject_rate,GCSC (MLS),"PROSER (MLS, known logits)",PROSER (placeholder score)
bus,near,0.17,-0.010000000000000009,0.03999999999999998,0.03
pickup_truck,near,0.09,0.0,0.07,0.07
motorcycle,near,0.59,0.10999999999999999,-0.010000000000000009,-0.07999999999999996
tractor,near,0.48,-0.019999999999999962,-0.07,-0.13
wolf,near,0.23,0.04000000000000001,-0.03,-0.05000000000000002
fox,near,0.3,0.09000000000000002,-0.06,-0.09999999999999998
leopard,near,0.3,0.07,0.10000000000000003,0.04999999999999999
camel,near,0.35,0.09000000000000002,0.07,0.09000000000000002
bottle,far,0.56,0.1499999999999999,-0.040000000000000036,-0.22000000000000003
bowl,far,0.6,0.0,-0.06999999999999995,-0.16999999999999998
chair,far,0.54,0.10999999999999999,0.0,-0.08000000000000002
clock,far,0.65,-0.040000000000000036,-0.07000000000000006,-0.19
keyboard,far,0.68,-0.020000000000000018,-0.07000000000000006,-0.10000000000000009
mushroom,far,0.47,0.06000000000000005,-0.06999999999999995,-0.10999999999999999
sunflower,far,0.56,0.10999999999999999,-0.010000000000000009,-0.030000000000000027
wardrobe,far,0.3,-0.019999999999999962,-0.03999999999999998,-0.09999999999999998
