,group,MSP,MLS,Energy,Mahalanobis
bus,near,0.16,0.17,0.18,0.14
pickup_truck,near,0.2,0.09,0.08,0.12
motorcycle,near,0.42,0.59,0.59,0.57
tractor,near,0.36,0.48,0.49,0.36
wolf,near,0.21,0.23,0.21,0.17
fox,near,0.24,0.3,0.29,0.26
leopard,near,0.32,0.3,0.3,0.33
camel,near,0.36,0.35,0.35,0.3
bottle,far,0.43,0.56,0.56,0.48
bowl,far,0.46,0.6,0.59,0.56
chair,far,0.38,0.54,0.58,0.48
clock,far,0.49,0.65,0.64,0.56
keyboard,far,0.5,0.68,0.67,0.64
mushroom,far,0.47,0.47,0.47,0.46
sunflower,far,0.5,0.56,0.57,0.6
wardrobe,far,0.39,0.3,0.28,0.56
