method,CSA,AUROC_near,AUROC_far,AUROC_all,tau,known_val_accept,known_test_accept,near_reject,far_reject,all_reject,fpr_near,fpr_far,fpr_all,AUROC_near_lo,AUROC_near_hi,AUROC_far_lo,AUROC_far_hi,AUROC_all_lo,AUROC_all_hi
vanilla/MSP,0.9476,0.8240701875,0.897572875,0.86082153125,0.16634236356006732,0.95,0.9458,0.28375,0.4525,0.368125,0.71625,0.5475,0.631875,0.809533834375,0.8365944359374999,0.8875157312499999,0.9077565125,0.8508185265625,0.8693058953125
vanilla/MLS,0.9476,0.8095150625,0.8955820625,0.8525485625,-5.736676430702207,0.95,0.947,0.31375,0.545,0.429375,0.68625,0.45499999999999996,0.5706249999999999,0.7919462296875,0.823865515625,0.88456604375,0.905801625,0.84130122578125,0.86184908203125
vanilla/Energy,0.9476,0.8095683125,0.896012125,0.85279021875,-5.921310642345188,0.95,0.9477,0.31125,0.545,0.428125,0.68875,0.45499999999999996,0.571875,0.7916650765625,0.82375805625,0.88534269375,0.9066136625,0.84149708671875,0.8621793289062499
vanilla/Mahalanobis,0.9476,0.7942778125,0.914443375,0.85436059375,2723.516955290161,0.95,0.9459,0.28125,0.5425,0.411875,0.71875,0.4575,0.588125,0.7794612734375,0.809766875,0.9074310375,0.922534196875,0.8449559421875,0.8634668859375
gcsc/MSP,0.9521,0.8417288125,0.910649375,0.87618909375,0.1847928070812335,0.95,0.9493,0.32625,0.4725,0.399375,0.6737500000000001,0.5275000000000001,0.600625,0.828989965625,0.853063515625,0.9020774281249999,0.91775158125,0.86774278359375,0.883398840625
gcsc/MLS,0.9521,0.8233643125,0.905501125,0.86443271875,-6.100666093826294,0.95,0.9486,0.36,0.58875,0.474375,0.64,0.41125,0.525625,0.8078093703125,0.8379264140625,0.8946688375,0.914233840625,0.85485102109375,0.8718107679687499
gcsc/Energy,0.9521,0.8224539375,0.905462,0.86395796875,-6.253033535323574,0.95,0.9515,0.33875,0.5775,0.458125,0.66125,0.4225,0.541875,0.8067788250000001,0.8370586531249999,0.894559796875,0.9142499,0.8546354140625,0.8710779023437499
gcsc/Mahalanobis,0.9521,0.7809045625,0.9085725,0.84473853125,1921.7372192683076,0.95,0.9472,0.26,0.47375,0.366875,0.74,0.52625,0.6331249999999999,0.76355786875,0.7977141906249999,0.900488884375,0.91595593125,0.83577686953125,0.8546407125000001
proser/MSP,0.9424,0.8128664375,0.887298375,0.85008240625,0.18440032030992493,0.95,0.9437,0.29,0.40875,0.349375,0.71,0.59125,0.650625,0.7979026687499999,0.825228684375,0.87751045625,0.89745993125,0.8410164609374999,0.8594029734374999
proser/MLS,0.9424,0.8073123125,0.88804725,0.84767978125,-4.3085957765579215,0.95,0.9487,0.3275,0.49875,0.413125,0.6725,0.50125,0.586875,0.7898097453124999,0.820067221875,0.876629428125,0.8991060843750001,0.8376949609375001,0.856826125
proser/Energy,0.9424,0.8076318125,0.88888925,0.84826053125,-4.5283231402746535,0.95,0.9489,0.31375,0.50375,0.40875,0.68625,0.49624999999999997,0.59125,0.7899965953125,0.820426190625,0.8775640125,0.899997996875,0.8382427609375,0.85739923828125
proser/Mahalanobis,0.9424,0.7988519375,0.912227875,0.85553990625,2608.1468892982757,0.95,0.9438,0.29375,0.50625,0.4,0.70625,0.49375,0.6,0.782990684375,0.813012428125,0.905545778125,0.9201612499999999,0.8470832390624999,0.864994975
